name,age,street,city,state,zip,lng,lat
Timothy Gordon,38,0907 Ross Mount,Kathyfurt,Hawaii,75336,88.657193,33.5604945
Jessica Cohen,63,07639 Madison Shores Suite 562,Wilsonhaven,California,81129,-34.812239,-3.854265
Lisa Williams,29,69618 Johnson Plaza,Thomasstad,Oklahoma,11409,130.352913,-25.1793935
Roy Velazquez,53,4692 Miller Burg Apt. 017,Colemanview,New Jersey,92219,21.312585,-82.4039675
Paul Cameron,43,09651 Alexandria Crossroad Apt. 335,New Michaelville,Vermont,02241,167.850916,89.0385565
Manuel Lloyd,27,419 Sloan Plaza,Port Traciland,Hawaii,28834,-110.496358,54.7462205
Luis Robinson,57,640 Jamie Stream Apt. 880,Calebmouth,New York,49910,73.856902,-6.832327
Gerald Moore,64,422 Austin Prairie Apt. 050,North Michele,California,47058,-110.815511,-70.2545495
Darrell Warner,49,2337 Thomas Estate Apt. 958,Ramirezborough,Michigan,09222,-46.157946,38.546229
Michelle Walker,35,1239 Jeffrey Knoll Suite 890,Jenkinsshire,South Carolina,95946,-78.007784,17.706745
Laura Torres,67,141 Gregory Crossroad,Audreyville,Illinois,93716,-10.956014,59.5224485
Samuel Garcia,28,764 Sanchez Place,North John,Iowa,78069,86.137127,41.100623
Keith Bass,42,7503 Evan Hill,New Jessica,California,43505,171.134051,-79.699765
Christopher Nelson,64,19170 Annette Land,Robertfort,Hawaii,64419,172.078082,58.178957
Sue Villarreal,75,88505 Douglas Expressway,West Frankside,Pennsylvania,44881,148.447511,-4.7235005
Danielle Pitts,50,470 Johnson Trace Suite 220,North Bradborough,Florida,28225,160.235143,54.247069
Madison Giles,37,42466 Powell Common,Samuelville,Maine,69980,-51.061613,53.370002
Derrick Wright,20,029 Scott Valley,South Bradleyhaven,Georgia,88464,96.522318,-51.2832695
Joseph James,53,15748 Deborah Harbor,Latoyaton,Illinois,60238,-65.304413,42.9027695
Jessica Rivera,34,4254 Robert Lodge,Rodriguezborough,South Carolina,37866,-129.183677,-16.3134125
Jennifer Lang,18,743 Mckenzie Forks Apt. 349,Nguyenfurt,New Jersey,39064,-177.047873,-80.6146975
Amy Garrett,37,2082 Valerie Track Suite 835,Jenniferside,Oklahoma,77430,-110.626575,64.0449185
Mark Stewart,47,21280 Mark Ramp Apt. 139,New Justintown,Mississippi,02853,-16.831673,57.482833
Virginia Thomas,47,6356 Alexis Crest,North Meganview,Arkansas,56334,148.600260,-5.612399
David Lewis,76,51403 Lopez View,Taraland,Mississippi,35790,-35.722351,55.306617
Gerald White,70,23694 Ross Pike Suite 318,Johnsonburgh,Arizona,91875,-141.038964,50.0259075
John Terry,77,38881 William Lodge,Herrerashire,Washington,83128,174.448777,-9.9857105
Michael Park,21,5725 Roth Isle Apt. 624,Brittneyland,Georgia,07676,-84.422940,-85.483070
Thomas Dougherty,22,15801 Jeffrey Trafficway,Lisahaven,Maryland,44653,18.048766,-84.8236405
Christine Griffin,21,5360 Natalie Glens,Joycehaven,Vermont,58254,-75.246775,-6.210898
Kayla Armstrong,62,75674 Bowen Causeway Apt. 011,North Tracy,Michigan,32528,35.152510,7.9895175
Mrs. Michelle Haynes DVM,57,0766 Timothy Gardens,Lauramouth,Illinois,37621,-132.814789,44.5209625
Daniel Phillips,60,07551 Robert Underpass,Smithland,Iowa,02145,73.173818,15.5667385
Mindy Mitchell,18,036 James Cove,Jenniferville,Michigan,07313,64.347761,3.984174
Daniel Elliott,43,8798 Foster Plaza Suite 134,Kelseyhaven,Nevada,83588,27.203374,-56.0401655
Patrick Oliver,26,69084 John Circle,Holmesberg,West Virginia,64307,37.563281,41.013558
Michael Johnson,79,1665 Lauren Prairie,Port Paul,Wisconsin,13412,147.143293,-23.1567195
Andrew James,26,24025 Hart Square Suite 579,Lake Jennifershire,New Jersey,37800,-146.556345,28.8822275
Selena Smith,51,83377 Townsend Vista Suite 604,New Laurenton,New York,45914,38.215847,69.467314
Christopher Cunningham,66,189 Michael Views Suite 345,Joshuahaven,South Carolina,26299,133.864070,45.405326
Justin Hernandez,43,6405 Carter Road,Port Timothyfort,West Virginia,96250,36.694506,4.488107
Dean Parsons,73,18060 Lindsey Springs Apt. 761,Cardenasville,South Dakota,73876,85.096410,-29.954408
Jessica Adkins,77,556 Cynthia Cape,South Donaldside,North Carolina,00922,-160.217811,-5.740585
Albert King,76,631 Joshua Underpass,New Marymouth,Idaho,01335,-4.586330,-47.0237505
Desiree Smith,32,883 Leonard Cliff,South Theresa,California,67868,179.347471,-31.577067
Sandra Lawson,62,86006 Donald Freeway,South Tanyaberg,Illinois,08816,108.473096,42.870319
Fernando Holloway,32,60016 James Falls Apt. 056,Kimberlyville,Indiana,07050,-114.761243,-71.2037195
Meredith Hudson,28,22770 Cody Place Apt. 386,Johnsonshire,Nevada,44385,-160.409542,-19.0028375
Jonathan Fuentes,39,7224 Dawson Circle Suite 439,East Beckymouth,Washington,66069,-120.972518,27.408140
Mallory Parker,44,8216 David Stravenue,Meganberg,New York,83103,-53.061758,-71.954383
Lindsay Spencer,79,754 Morgan Spring,Lake Michaelshire,Minnesota,74014,100.332571,79.2250475
Andrea Boyd,65,6191 Ryan Roads Apt. 108,Brettstad,Pennsylvania,26143,-110.434542,42.3971925
Thomas Wolfe,53,660 Kevin Drive Apt. 250,Longfort,Georgia,57681,-43.251651,-25.0822755
Benjamin Livingston,54,11005 Guzman Ranch Suite 590,North Jenniferburgh,Mississippi,43337,59.337789,47.925865
Jessica Guzman,25,49603 Carter Crossroad,Elizabethview,Hawaii,82885,145.030206,-36.7979705
Timothy Martin,79,07605 Bowen Roads,Markchester,Massachusetts,42955,-33.426791,-24.097695
Desiree Mueller,25,35070 Barbara Ford Suite 444,Millermouth,Colorado,74869,-148.910924,89.9016145
Raymond Mcpherson,30,3339 Johnston Squares,East Donna,Maine,96190,159.638628,18.070658
Dr. Ryan Campbell DDS,33,002 Ryan Pines Suite 945,Crystalland,Massachusetts,14400,-112.181723,-24.712068
David Flynn,45,1716 Linda Row Apt. 680,East Stacy,Kansas,10843,109.170035,-13.3764175
Aaron Campbell,64,26044 Jason Views,Lake Cameron,Utah,08766,140.038777,-49.722913
Mariah Conrad,65,1061 Jason Plains Suite 017,Karenland,Arkansas,26801,161.603055,-49.3677645
Jeffrey Jones DDS,58,468 Gay Land Suite 246,Pricefurt,Idaho,14631,-170.796698,-70.604385
Kevin Perez,67,284 Victoria Plaza Suite 507,Campbellberg,Rhode Island,03042,-78.732931,47.988148
Jessica Smith,69,8390 Laura Common Suite 001,New Laurie,Virginia,67998,-58.553211,-17.3695215
Sheila Macias,44,41960 Moreno Pass Suite 430,Hooverton,Montana,56772,-74.554249,52.847183
Stefanie Baker,32,82034 Ashley Overpass,Samanthachester,Texas,31211,29.885625,72.3607125
Reginald Clark,66,21595 Miller Road,Melissaview,Oregon,41330,-53.111838,17.4108895
Michael Hill,72,719 Horton Walks,New Adam,Oklahoma,56534,-121.129176,-83.193766
Thomas Rodriguez,46,960 Flores Pike Apt. 591,Brandonville,West Virginia,93526,157.814970,70.615070
Jordan Leblanc,73,982 Robinson Key Suite 819,Michaelburgh,Oklahoma,68997,112.080269,-9.906402
Victor Roberts,23,6122 Jeffery Valley Apt. 468,Javierbury,Wisconsin,48465,126.880645,-7.1983375
Jeffrey Mcfarland,46,260 Hamilton Lights,Port Andrea,South Dakota,24855,80.863993,11.4893935
Amy Aguilar,72,6902 Corey Plaza Apt. 688,Kingfurt,Vermont,47372,55.989232,42.4890295
Jaclyn Combs,60,2911 Stephen Ways,Martinfort,Minnesota,93658,-50.586606,-17.8040365
David Sanchez,40,6451 Kayla Turnpike Suite 547,Wardfort,Colorado,64812,-169.693611,-70.9635585
Tamara Guzman,44,13332 Malone Harbors Apt. 734,Rebeccachester,Wisconsin,43222,51.625566,45.259468
Tracie Garrett,32,1574 Clark Vista,South Sharonhaven,Kentucky,75538,94.545857,28.945362
John Palmer,65,059 Smith Ports,South William,Arkansas,16096,-47.685676,-8.9584715
Jessica Skinner,31,3035 Clark View,Port Katherinemouth,Louisiana,69640,-80.182364,-12.242059
Mariah Leon,76,458 David Walks Apt. 660,Johnport,Rhode Island,20813,137.393162,42.900168
James Dixon,22,1621 Kristen Causeway,Bergerville,Missouri,50044,141.029374,64.142044
Ashley Gilbert,72,631 Grant Ramp,East Zachary,North Carolina,38852,-10.920554,-32.2670815
Andrew Lozano,20,3408 Kirby Knolls,Nguyenfort,Arkansas,62108,155.151063,69.0883015
Erik Miles,18,8492 Munoz Crossing,North Brentfurt,South Carolina,66640,85.165857,66.302285
Jessica Sullivan,60,89635 Chad Court,New Jeff,Pennsylvania,15882,86.690560,-81.4183205
Jacqueline Perkins,70,3130 Mark Island,Ericamouth,Maryland,53571,-31.716341,-46.2262775
Jeremy Johnson,51,63269 Solomon Wells,Tracyshire,Tennessee,23102,70.068524,6.7157865
Nicole Grimes,56,42833 Krista Forge,Port Jamesbury,South Dakota,95028,16.799153,-13.6302325
Anthony Henderson,35,0007 Berry Vista,Samuelland,Arizona,18812,168.518448,25.1028915
Robyn Reynolds,74,77694 Moran Lodge,South Julieside,New Mexico,69240,-108.800806,45.0199125
Peter Montes,44,25443 Carly Harbor,Sparksburgh,Georgia,10994,-130.470247,20.362997
Sarah Gordon,33,83095 Jensen Lights Apt. 415,East Nancy,Missouri,86233,-127.468130,44.679740
Anna Hampton,78,592 Carter Fields,Port Glennland,Missouri,10104,173.796357,26.509351
Timothy Smith,50,951 Dennis Road Suite 595,West Kristina,Washington,40655,114.335755,49.6805925
Jennifer Fields,48,886 Alvarado Pine Suite 451,New Jaystad,Indiana,43154,140.848699,-42.7757915
Robert Cross,71,89553 Alexander Island,New Leslie,Arkansas,07652,-22.365093,62.118690
Matthew Dickson,18,1412 Black Mountains Suite 674,South Michael,Louisiana,37664,89.782693,84.561426
Cassandra Johnson,49,7637 Singh Squares Apt. 476,North Ericmouth,Nevada,15037,88.863056,56.5788405
Hannah Hill,31,4483 Heather Forge,Whitakerstad,Louisiana,36640,-141.278443,17.6559985
